name,datetime,temp,feelslike,dew,humidity,precip,precipprob,preciptype,snow,snowdepth,windgust,windspeed,winddir,sealevelpressure,cloudcover,visibility,solarradiation,solarenergy,uvindex,severerisk,conditions,icon,stations
"Bulawayo, Zimbabwe",2026-05-07T00:00:00,13.8,13.8,10.4,79.95,0,0,,0,0,16.2,9.7,197.7,1016,0,24.1,0,0,0,10,Clear,clear-night,
"Bulawayo, Zimbabwe",2026-05-07T01:00:00,12.8,12.8,8.8,76.64,0,0,,0,0,15.8,10.1,196,1016,0.3,24.1,0,0,0,10,Clear,clear-night,
"Bulawayo, Zimbabwe",2026-05-07T02:00:00,11.8,11.8,7.8,76.48,0,0,,0,0,16.2,10.4,193.7,1016,0,24.1,0,0,0,10,Clear,clear-night,
"Bulawayo, Zimbabwe",2026-05-07T03:00:00,9.8,8.2,5.3,73.56,0,0,,0,0,17.3,11.2,189.9,1016,0,24.1,0,0,0,10,Clear,clear-night,
"Bulawayo, Zimbabwe",2026-05-07T04:00:00,8.9,7.1,4.5,73.91,0,0,,0,0,18,11.2,186.6,1016,0,24.1,0,0,0,10,Clear,clear-night,
"Bulawayo, Zimbabwe",2026-05-07T05:00:00,8.4,6.6,3,68.79,0,0,,0,0,18.4,10.4,183,1017,0,24.1,0,0,0,10,Clear,clear-night,
"Bulawayo, Zimbabwe",2026-05-07T06:00:00,9.1,7.6,4.1,70.9,0,0,,0,0,17.3,9.4,170,1017,0,24.1,0,0,0,10,Clear,clear-night,ZII0000FVJN
"Bulawayo, Zimbabwe",2026-05-07T07:00:00,10.1,10.1,5.1,71.1,0,0,,0,0,16.2,11.2,160,1018,0,24.1,19.5,0.1,0,10,Clear,clear-day,ZII0000FVJN
"Bulawayo, Zimbabwe",2026-05-07T08:00:00,13.1,13.1,5.1,58.31,0,0,,0,0,23,9.4,170,1019,0,24.1,193.4,0.7,2,10,Clear,clear-day,ZII0000FVJN
"Bulawayo, Zimbabwe",2026-05-07T09:00:00,17.1,17.1,4.1,42.04,0,0,,0,0,24.8,13,200,1019,0,24.1,423.6,1.5,4,10,Clear,clear-day,ZII0000FVJN
"Bulawayo, Zimbabwe",2026-05-07T10:00:00,18.1,18.1,4.1,39.47,0,0,,0,0,24.1,9.4,230,1018,0,24.1,621.1,2.2,6,10,Clear,clear-day,ZII0000FVJN
"Bulawayo, Zimbabwe",2026-05-07T11:00:00,21.1,21.1,4.1,32.76,0,0,,0,0,20.9,5.4,241.1,1017,0,24.1,764.7,2.8,8,10,Clear,clear-day,ZII0000FVJN
"Bulawayo, Zimbabwe",2026-05-07T12:00:00,21.1,21.1,3.1,30.53,0,0,,0,0,22.7,7.6,264.3,1016,0,24.1,842.4,3,8,10,Clear,clear-day,ZII0000FVJN
"Bulawayo, Zimbabwe",2026-05-07T13:00:00,23.1,23.1,4.1,29,0,0,,0,0,27.4,13,290,1015,0,24.1,845.6,3,8,10,Clear,clear-day,ZII0000FVJN
"Bulawayo, Zimbabwe",2026-05-07T14:00:00,24.1,24.1,3.1,25.45,0,0,,0,0,30.6,9.4,270,1014,0,24.1,774.7,2.8,8,10,Clear,clear-day,ZII0000FVJN
"Bulawayo, Zimbabwe",2026-05-07T15:00:00,24.1,24.1,3.1,25.45,0,0,,0,0,31.3,7.6,310,1013,0,24.1,636.4,2.3,6,10,Clear,clear-day,ZII0000FVJN
"Bulawayo, Zimbabwe",2026-05-07T16:00:00,22.2,22.2,2.3,26.97,0,0,,0,0,30.6,12.2,267.7,1014,0,24.1,443.3,1.6,4,10,Clear,clear-day,
"Bulawayo, Zimbabwe",2026-05-07T17:00:00,22.1,22.1,2.1,26.75,0,0,,0,0,27.4,11.2,300,1014,0,24.1,217.5,0.8,2,10,Clear,clear-day,ZII0000FVJN
"Bulawayo, Zimbabwe",2026-05-07T18:00:00,18.1,18.1,2.1,34.26,0,0,,0,0,18,9.4,280,1015,0,24.1,28.2,0.1,0,10,Clear,clear-night,ZII0000FVJN
"Bulawayo, Zimbabwe",2026-05-07T19:00:00,16.1,16.1,4.3,45.43,0,0,,0,0,13.3,7.9,218.7,1015,0,24.1,0,0,0,10,Clear,clear-night,
"Bulawayo, Zimbabwe",2026-05-07T20:00:00,13.1,13.1,4.1,54.38,0,0,,0,0,13.3,8.6,210.7,1016,0,24.1,0,0,0,10,Clear,clear-night,
"Bulawayo, Zimbabwe",2026-05-07T21:00:00,11.3,11.3,3.4,58.27,0,0,,0,0,15.5,9.4,206.3,1017,0,24.1,0,0,0,10,Clear,clear-night,
"Bulawayo, Zimbabwe",2026-05-07T22:00:00,10,8.6,3.3,63.09,0,0,,0,0,13.7,9.7,204.7,1017,0,24.1,0,0,0,10,Clear,clear-night,
"Bulawayo, Zimbabwe",2026-05-07T23:00:00,8.5,6.8,1.7,62.29,0,0,,0,0,14,9.7,203.5,1017,0,24.1,0,0,0,10,Clear,clear-night,
"Bulawayo, Zimbabwe",2026-05-08T00:00:00,7.9,6.1,1.5,63.96,0,0,,0,0,14.4,10.1,194.9,1017,0,24.1,0,0,0,10,Clear,clear-night,
"Bulawayo, Zimbabwe",2026-05-08T01:00:00,7.8,5.9,1.4,63.94,0,0,,0,0,14.4,10.4,192.8,1016,0,24.1,0,0,0,10,Clear,clear-night,
"Bulawayo, Zimbabwe",2026-05-08T02:00:00,6,3.7,0.5,67.8,0,0,,0,0,14.8,10.4,192.5,1016,0,24.1,0,0,0,10,Clear,clear-night,
"Bulawayo, Zimbabwe",2026-05-08T03:00:00,5.3,2.9,-0.1,68.14,0,0,,0,0,14.8,10.4,188.7,1016,0,24.1,0,0,0,10,Clear,clear-night,
"Bulawayo, Zimbabwe",2026-05-08T04:00:00,4.9,2.4,-0.3,69.06,0,0,,0,0,14.8,10.4,184.4,1016,0,24.1,0,0,0,10,Clear,clear-night,
"Bulawayo, Zimbabwe",2026-05-08T05:00:00,8.1,7.4,0.1,57.04,0,0,,0,0,15.1,5.4,140,1017,0,24.1,0,0,0,10,Clear,clear-night,ZII0000FVJN
"Bulawayo, Zimbabwe",2026-05-08T06:00:00,7.1,5.7,1.1,65.64,0,0,,0,0,15.1,7.6,130,1017,0,24.1,0,0,0,10,Clear,clear-night,ZII0000FVJN
"Bulawayo, Zimbabwe",2026-05-08T07:00:00,8.4,7.2,1.1,60.07,0,0,,0,0,14.8,7.6,160.5,1018,0,24.1,19.9,0.1,0,10,Clear,clear-day,
"Bulawayo, Zimbabwe",2026-05-08T08:00:00,15.1,15.1,5.1,51.22,0,0,,0,0,17.3,9.4,150,1019,0,24.1,198.3,0.7,2,10,Clear,clear-day,ZII0000FVJN
"Bulawayo, Zimbabwe",2026-05-08T09:00:00,18.1,18.1,5.1,42.33,0,0,,0,0,22,13,160,1019,0,24.1,427.6,1.5,4,10,Clear,clear-day,ZII0000FVJN
"Bulawayo, Zimbabwe",2026-05-08T10:00:00,19.1,19.1,5.1,39.76,0,0,,0,0,22.7,9.4,140,1019,0,24.1,625.8,2.3,6,10,Clear,clear-day,ZII0000FVJN
"Bulawayo, Zimbabwe",2026-05-08T11:00:00,22.1,22.1,4.1,30.82,0,0,,0,0,20.5,3.6,190,1018,0,24.1,769.7,2.8,8,10,Clear,clear-day,ZII0000FVJN
"Bulawayo, Zimbabwe",2026-05-08T12:00:00,23.1,23.1,2.1,25.17,0,0,,0,0,17.3,14.8,360,1017,0,24.1,845.9,3,8,10,Clear,clear-day,ZII0000FVJN
"Bulawayo, Zimbabwe",2026-05-08T13:00:00,24.1,24.1,1.1,22.06,0,0,,0,0,18.4,7.6,340,1015,0,24.1,847.7,3.1,8,10,Clear,clear-day,ZII0000FVJN
"Bulawayo, Zimbabwe",2026-05-08T14:00:00,25.1,25.1,0.1,19.34,0,0,,0,0,19.4,14.8,350,1014,0,24.1,775.7,2.8,8,10,Clear,clear-day,ZII0000FVJN
"Bulawayo, Zimbabwe",2026-05-08T15:00:00,25.1,25.1,0.1,19.34,0,0,,0,0,19.4,20.5,350,1014,0,24.1,636.3,2.3,6,10,Clear,clear-day,ZII0000FVJN
"Bulawayo, Zimbabwe",2026-05-08T16:00:00,25.1,25.1,-0.9,17.98,0,0,,0,0,19.4,9.4,310,1014,0,24.1,442.4,1.6,4,10,Clear,clear-day,ZII0000FVJN
"Bulawayo, Zimbabwe",2026-05-08T17:00:00,24.1,24.1,0.1,20.53,0,0,,0,0,16.6,7.6,300,1014,0,24.1,215.9,0.8,2,10,Clear,clear-day,ZII0000FVJN
"Bulawayo, Zimbabwe",2026-05-08T18:00:00,19.1,19.1,2.1,32.19,0,0,,0,0,9.7,5.4,330,1014,0,24.1,27.3,0.1,0,10,Clear,clear-night,ZII0000FVJN
"Bulawayo, Zimbabwe",2026-05-08T19:00:00,16.1,16.1,2.1,38.89,0,0,,0,0,11.2,5.4,350,1015,0,24.1,0,0,0,10,Clear,clear-night,ZII0000FVJN
"Bulawayo, Zimbabwe",2026-05-08T20:00:00,14.1,14.1,2.1,44.23,0,0,,0,0,13.7,9.4,360,1016,0,24.1,0,0,0,10,Clear,clear-night,ZII0000FVJN
"Bulawayo, Zimbabwe",2026-05-08T21:00:00,12.5,12.5,5.8,63.67,0,0,,0,0,13,9,155.7,1017,0,24.1,0,0,0,10,Clear,clear-night,
"Bulawayo, Zimbabwe",2026-05-08T22:00:00,12.2,12.2,6.6,68.62,0,0,,0,0,13.7,9.4,134.5,1017,0,24.1,0,0,0,10,Clear,clear-night,
"Bulawayo, Zimbabwe",2026-05-08T23:00:00,10.5,10.5,6.8,77.86,0,0,,0,0,14.8,8.3,125.3,1017,0,24.1,0,0,0,10,Clear,clear-night,
"Bulawayo, Zimbabwe",2026-05-09T00:00:00,10.4,10.4,6.9,78.92,0,0,,0,0,14.8,9,112.1,1018,0,24.1,0,0,0,10,Clear,clear-night,
"Bulawayo, Zimbabwe",2026-05-09T01:00:00,10.1,10.1,7.1,81.63,0,0,,0,0,14.4,7.9,105.6,1017,0,24.1,0,0,0,10,Clear,clear-night,
"Bulawayo, Zimbabwe",2026-05-09T02:00:00,8.1,6.8,6.2,87.8,0,0,,0,0,14,7.6,105,1017,0,24.1,0,0,0,10,Clear,clear-night,
"Bulawayo, Zimbabwe",2026-05-09T03:00:00,7.6,6.2,5.9,88.98,0,0,,0,0,13.7,7.6,103.5,1017,0,24.1,0,0,0,10,Clear,clear-night,
"Bulawayo, Zimbabwe",2026-05-09T04:00:00,7.1,5.7,5.6,90.18,0,0,,0,0,13.7,7.6,99.9,1017,0,24.1,0,0,0,10,Clear,clear-night,
"Bulawayo, Zimbabwe",2026-05-09T05:00:00,10.1,10.1,7.1,81.63,0,0,,0,0,13.7,11.2,120,1017,0,24.1,0,0,0,10,Clear,clear-night,ZII0000FVJN
"Bulawayo, Zimbabwe",2026-05-09T06:00:00,8.1,6.4,7.1,93.41,0,0,,0,0,14,9.4,170,1017,0,24.1,0,0,0,10,Clear,clear-night,ZII0000FVJN
"Bulawayo, Zimbabwe",2026-05-09T07:00:00,11.1,11.1,7.1,76.37,0,0,,0,0,14.4,7.6,150,1017,0,24.1,18.8,0.1,0,10,Clear,clear-day,ZII0000FVJN
"Bulawayo, Zimbabwe",2026-05-09T08:00:00,17.1,17.1,8.1,55.41,0,0,,0,0,18.7,11.2,130,1018,0,24.1,192.5,0.7,2,10,Clear,clear-day,ZII0000FVJN
"Bulawayo, Zimbabwe",2026-05-09T09:00:00,21.1,21.1,9.1,46.2,0,0,,0,0,19.1,11.2,110,1019,0,24.1,417.7,1.5,4,10,Clear,clear-day,ZII0000FVJN
"Bulawayo, Zimbabwe",2026-05-09T10:00:00,23.1,23.1,8.1,38.22,0,0,,0,0,19.8,3.6,51.6,1018,0,24.1,612.1,2.2,6,10,Clear,clear-day,ZII0000FVJN
"Bulawayo, Zimbabwe",2026-05-09T11:00:00,25.1,25.1,7.1,31.66,0,0,,0,0,20.2,9.4,360,1017,0,24.1,752.3,2.7,8,10,Clear,clear-day,ZII0000FVJN
"Bulawayo, Zimbabwe",2026-05-09T12:00:00,27.1,26.4,7.1,28.13,0,0,,0,0,25.9,22.3,350,1016,0,24.1,825.7,3,8,10,Clear,clear-day,ZII0000FVJN
"Bulawayo, Zimbabwe",2026-05-09T13:00:00,26.1,26.1,7.1,29.84,0,0,,0,0,29.2,18.4,300,1015,0,24.1,826.6,3,8,10,Clear,clear-day,ZII0000FVJN
"Bulawayo, Zimbabwe",2026-05-09T14:00:00,27.1,26.3,6.1,26.26,0,0,,0,0,29.5,14.8,130,1013,0,24.1,755.5,2.7,8,10,Clear,clear-day,ZII0000FVJN
"Bulawayo, Zimbabwe",2026-05-09T15:00:00,27.1,26.4,7.1,28.13,0,0,,0,0,29.2,16.6,300,1013,0,24.1,618.2,2.2,6,10,Clear,clear-day,ZII0000FVJN
"Bulawayo, Zimbabwe",2026-05-09T16:00:00,27.1,26.3,6.1,26.26,0,0,,0,0,27,9.4,310,1013,0,24.1,428.2,1.5,4,10,Clear,clear-day,ZII0000FVJN
"Bulawayo, Zimbabwe",2026-05-09T17:00:00,26.1,26.1,7.1,29.84,0,0,,0,0,22,11.2,330,1013,0,24.1,206.8,0.7,2,10,Clear,clear-day,ZII0000FVJN
"Bulawayo, Zimbabwe",2026-05-09T18:00:00,21.1,21.1,8.1,43.18,0,0,,0,0,11.5,9.4,310,1014,0,24.1,25.4,0.1,0,10,Clear,clear-night,ZII0000FVJN
"Bulawayo, Zimbabwe",2026-05-09T19:00:00,19.5,19.5,6.8,43.62,0,0,,0,0,10.8,7.9,314.2,1014,0,24.1,0,0,0,10,Clear,clear-night,
"Bulawayo, Zimbabwe",2026-05-09T20:00:00,18.6,18.6,6.8,46.14,0,0,,0,0,10.1,6.8,296.6,1015,0,24.1,0,0,0,10,Clear,clear-night,
"Bulawayo, Zimbabwe",2026-05-09T21:00:00,16.6,16.6,7.1,53.43,0,0,,0,0,8.6,4,278,1015,0,24.1,0,0,0,10,Clear,clear-night,
"Bulawayo, Zimbabwe",2026-05-09T22:00:00,13.9,13.9,7.9,67.11,0,0,,0,0,6.1,1.1,5.3,1015,0,24.1,0,0,0,10,Clear,clear-night,
"Bulawayo, Zimbabwe",2026-05-09T23:00:00,13.1,13.1,8.8,75.15,0,0,,0,0,7.9,4.7,51.5,1015,0,24.1,0,0,0,10,Clear,clear-night,
"Bulawayo, Zimbabwe",2026-05-10T00:00:00,12.8,12.8,7.5,70.16,0,0,,0,0,11.5,7.9,52.7,1015,0,24.1,0,0,0,10,Clear,clear-night,
"Bulawayo, Zimbabwe",2026-05-10T01:00:00,12.4,12.4,7.7,73.02,0,0,,0,0,12.6,7.9,41.8,1015,0,24.1,0,0,0,10,Clear,clear-night,
"Bulawayo, Zimbabwe",2026-05-10T02:00:00,11.5,11.5,8,79.08,0,0,,0,0,14,8.3,24.6,1014,0,24.1,0,0,0,10,Clear,clear-night,
"Bulawayo, Zimbabwe",2026-05-10T03:00:00,10.9,10.9,7.6,80.08,0,0,,0,0,14.8,9,9,1014,0,24.1,0,0,0,10,Clear,clear-night,
"Bulawayo, Zimbabwe",2026-05-10T04:00:00,10.3,10.3,7,79.99,0,0,,0,0,15.1,9,349.8,1014,1.1,24.1,0,0,0,10,Clear,clear-night,
"Bulawayo, Zimbabwe",2026-05-10T05:00:00,14.1,14.1,12.1,87.75,0,0,,0,0,14.8,11.2,40,1015,0,24.1,0,0,0,10,Clear,clear-night,ZII0000FVJN
"Bulawayo, Zimbabwe",2026-05-10T06:00:00,13.1,13.1,11.1,87.66,0,0,,0,0,15.5,9.4,10,1015,0,24.1,0,0,0,10,Clear,clear-night,ZII0000FVJN
"Bulawayo, Zimbabwe",2026-05-10T07:00:00,15.1,15.1,11.1,77.01,0,0,,0,0,18,14.8,360,1015,0,24.1,17.5,0.1,0,10,Clear,clear-day,ZII0000FVJN
"Bulawayo, Zimbabwe",2026-05-10T08:00:00,18.1,18.1,12.1,67.98,0,0,,0,0,25.6,16.6,360,1016,0,24.1,184.2,0.7,2,10,Clear,clear-day,ZII0000FVJN
"Bulawayo, Zimbabwe",2026-05-10T09:00:00,22.1,22.1,14.1,60.48,0,0,,0,0,29.2,25.9,340,1017,0,24.1,396.3,1.4,4,10,Clear,clear-day,ZII0000FVJN
"Bulawayo, Zimbabwe",2026-05-10T10:00:00,23.2,23.2,14.2,56.94,0,0,,0,0,40.7,20.9,332.1,1017,4.3,24.1,591.9,2.1,6,10,Clear,clear-day,
"Bulawayo, Zimbabwe",2026-05-10T11:00:00,25.1,25.1,15.1,53.84,0,0,,0,0,49.3,29.5,340,1016,0,24.1,729.3,2.6,7,10,Clear,clear-day,ZII0000FVJN
"Bulawayo, Zimbabwe",2026-05-10T12:00:00,26.1,26.1,15.1,50.74,0,0,,0,0,50,22.3,340,1014,0,24.1,792.2,2.9,8,10,Clear,clear-day,ZII0000FVJN
"Bulawayo, Zimbabwe",2026-05-10T13:00:00,27.7,27.2,11.9,37.5,0,0,,0,0,51.5,22.3,314.4,1013,20,24.1,789.3,2.8,8,10,Clear,clear-day,
"Bulawayo, Zimbabwe",2026-05-10T14:00:00,28.1,27.4,11.1,34.74,0,0,,0,0,50.4,25.9,310,1012,0,24.1,709.8,2.6,7,10,Clear,clear-day,ZII0000FVJN
"Bulawayo, Zimbabwe",2026-05-10T15:00:00,27.1,26.7,11.1,36.84,0,0,,0,0,46.1,20.5,310,1012,0,24.1,527.5,1.9,5,10,Clear,clear-day,ZII0000FVJN
"Bulawayo, Zimbabwe",2026-05-10T16:00:00,26.9,26.6,11.1,37.27,0,0,,0,0,41.4,18,317.3,1012,15.4,24.1,359,1.3,4,10,Clear,clear-day,
"Bulawayo, Zimbabwe",2026-05-10T17:00:00,26.1,26.1,10.1,36.55,0,0,,0,0,35.3,16.6,320,1012,0,24.1,185.8,0.7,2,10,Clear,clear-day,ZII0000FVJN
"Bulawayo, Zimbabwe",2026-05-10T18:00:00,25,25,11.1,41.71,0,0,,0,0,24.5,10.8,336.3,1012,0,24.1,22,0.1,0,10,Clear,clear-night,
"Bulawayo, Zimbabwe",2026-05-10T19:00:00,23.1,23.1,9.7,42.58,0,0,,0,0,16.2,9.7,331.7,1013,0,24.1,0,0,0,10,Clear,clear-night,
"Bulawayo, Zimbabwe",2026-05-10T20:00:00,18.7,18.7,9.7,55.82,0,0,,0,0,15.5,9.7,325.9,1014,0,24.1,0,0,0,10,Clear,clear-night,
"Bulawayo, Zimbabwe",2026-05-10T21:00:00,18,18,9.4,57.16,0,0,,0,0,19.4,10.8,323.2,1015,0,24.1,0,0,0,10,Clear,clear-night,
"Bulawayo, Zimbabwe",2026-05-10T22:00:00,17.2,17.2,9.2,59.32,0,0,,0,0,20.5,11.9,319.6,1016,0,24.1,0,0,0,10,Clear,clear-night,
"Bulawayo, Zimbabwe",2026-05-10T23:00:00,16.7,16.7,9.5,62.48,0,0,,0,0,21.2,11.9,320.1,1016,0,24.1,0,0,0,10,Clear,clear-night,
"Bulawayo, Zimbabwe",2026-05-11T00:00:00,16.7,16.7,9.9,64.18,0,0,,0,0,20.5,11.5,328.2,1016,3.8,24.1,0,0,0,10,Clear,clear-night,
"Bulawayo, Zimbabwe",2026-05-11T01:00:00,16.2,16.2,10.3,68.05,0,0,,0,0,22,13,340.9,1015,0,24.1,0,0,0,10,Clear,clear-night,
"Bulawayo, Zimbabwe",2026-05-11T02:00:00,15.2,15.2,10.7,74.51,0,0,,0,0,24.1,13.3,343.6,1015,0,24.1,0,0,0,10,Clear,clear-night,
"Bulawayo, Zimbabwe",2026-05-11T03:00:00,13.3,13.3,11.2,87.1,0,0,,0,0,22.7,11.5,333.6,1015,0,24.1,0,0,0,10,Clear,clear-night,
"Bulawayo, Zimbabwe",2026-05-11T04:00:00,13.1,13.1,11.5,90.02,0,0,,0,0,19.1,11.2,323.8,1015,0.6,24.1,0,0,0,10,Clear,clear-night,
"Bulawayo, Zimbabwe",2026-05-11T05:00:00,15.1,15.1,12.1,82.27,0,0,,0,0,18.7,7.6,290,1016,0,24.1,0,0,0,10,Clear,clear-night,ZII0000FVJN
"Bulawayo, Zimbabwe",2026-05-11T06:00:00,13.1,13.1,11.1,87.66,0,0,,0,0,18.7,3.6,310,1017,0,24.1,0,0,0,10,Clear,clear-night,ZII0000FVJN
"Bulawayo, Zimbabwe",2026-05-11T07:00:00,15.1,15.1,12.1,82.27,0,0,,0,0,18,1.8,308.1,1017,0,24.1,16.7,0.1,0,10,Clear,clear-day,ZII0000FVJN
"Bulawayo, Zimbabwe",2026-05-11T08:00:00,20.1,20.1,14.1,68.39,0,0,,0,0,20.9,0,0,1018,0,24.1,174.1,0.6,2,10,Clear,clear-day,ZII0000FVJN
"Bulawayo, Zimbabwe",2026-05-11T09:00:00,22.1,22.1,14.1,60.48,0,0,,0,0,26.3,7.6,330,1018,0,24.1,391.4,1.4,4,10,Clear,clear-day,ZII0000FVJN
"Bulawayo, Zimbabwe",2026-05-11T10:00:00,25.1,25.1,14.1,50.48,0,0,,0,0,31.3,11.2,290,1018,0,24.1,571.1,2.1,6,10,Clear,clear-day,ZII0000FVJN
"Bulawayo, Zimbabwe",2026-05-11T11:00:00,27.1,26.5,9.1,32.22,0,0,,0,0,35.6,16.6,300,1018,0,24.1,694.2,2.5,7,10,Clear,clear-day,ZII0000FVJN
"Bulawayo, Zimbabwe",2026-05-11T12:00:00,27.1,26.5,8.1,30.12,0,0,,0,0,37.8,22.3,290,1017,0,24.1,801.8,2.9,8,10,Clear,clear-day,ZII0000FVJN
"Bulawayo, Zimbabwe",2026-05-11T13:00:00,28.4,27.3,8.8,29.27,0,0,,0,0,38.5,16.9,275.4,1016,0,24.1,789.4,2.8,8,10,Clear,clear-day,
"Bulawayo, Zimbabwe",2026-05-11T14:00:00,29.1,27.7,7.1,25.03,0,0,,0,0,37.1,20.5,300,1015,0,24.1,743.6,2.7,7,10,Clear,clear-day,ZII0000FVJN
"Bulawayo, Zimbabwe",2026-05-11T15:00:00,29.1,27.6,6.1,23.37,0,0,,0,0,35.3,11.2,270,1015,0,24.1,606.2,2.2,6,10,Clear,clear-day,ZII0000FVJN
"Bulawayo, Zimbabwe",2026-05-11T16:00:00,29.1,27.6,6.1,23.37,0,0,,0,0,32.4,9.4,280,1015,0,24.1,417.6,1.5,4,10,Clear,clear-day,ZII0000FVJN
"Bulawayo, Zimbabwe",2026-05-11T17:00:00,27.1,26.3,5.1,24.5,0,0,,0,0,26.3,9.4,290,1015,0,24.1,199.6,0.7,2,10,Clear,clear-day,ZII0000FVJN
"Bulawayo, Zimbabwe",2026-05-11T18:00:00,23.7,23.7,8.4,37.62,0,0,,0,0,13,8.6,219.8,1016,0,24.1,23.5,0.1,0,10,Clear,clear-night,
"Bulawayo, Zimbabwe",2026-05-11T19:00:00,18.7,18.7,7.5,48.1,0,0,,0,0,13.3,9.4,188.2,1017,0,24.1,0,0,0,10,Clear,clear-night,
"Bulawayo, Zimbabwe",2026-05-11T20:00:00,16.2,16.2,8.5,60.29,0,0,,0,0,13.3,9,165.3,1018,0,24.1,0,0,0,10,Clear,clear-night,
"Bulawayo, Zimbabwe",2026-05-11T21:00:00,15.6,15.6,9.7,67.92,0,0,,0,0,13.3,6.5,142.2,1019,0,24.1,0,0,0,10,Clear,clear-night,
"Bulawayo, Zimbabwe",2026-05-11T22:00:00,15.5,15.5,10.2,70.69,0,0,,0,0,10.1,2.5,125.2,1018,0,24.1,0,0,0,10,Clear,clear-night,
"Bulawayo, Zimbabwe",2026-05-11T23:00:00,13.2,13.2,9.5,78.27,0,0,,0,0,10.1,0.7,51.9,1018,0,24.1,0,0,0,10,Clear,clear-night,
"Bulawayo, Zimbabwe",2026-05-12T00:00:00,14,14,9.2,72.81,0,0,,0,0,10.8,5.4,302.5,1018,0,24.1,0,0,0,10,Clear,clear-night,
"Bulawayo, Zimbabwe",2026-05-12T01:00:00,11.8,11.8,7.5,74.93,0,0,,0,0,12.6,8.3,259.3,1017,0,24.1,0,0,0,10,Clear,clear-night,
"Bulawayo, Zimbabwe",2026-05-12T02:00:00,11.5,11.5,5.2,65.23,0,0,,0,0,14,9.4,250.9,1017,0,24.1,0,0,0,10,Clear,clear-night,
"Bulawayo, Zimbabwe",2026-05-12T03:00:00,10.9,10.9,2.5,56.14,0,0,,0,0,15.5,9.4,249.4,1017,0,24.1,0,0,0,10,Clear,clear-night,
"Bulawayo, Zimbabwe",2026-05-12T04:00:00,10.7,10.7,1.5,52.97,0,0,,0,0,15.8,9,245.9,1017,0,24.1,0,0,0,10,Clear,clear-night,
"Bulawayo, Zimbabwe",2026-05-12T05:00:00,11.3,11.3,0,45.69,0,0,,0,0,15.1,9.7,242.7,1017,0,24.1,0,0,0,10,Clear,clear-night,
"Bulawayo, Zimbabwe",2026-05-12T06:00:00,13.1,13.1,4.1,54.38,0,0,,0,0,15.1,9.4,190,1018,0,24.1,0,0,0,10,Clear,clear-night,ZII0000FVJN
"Bulawayo, Zimbabwe",2026-05-12T07:00:00,13.2,13.2,1.5,44.93,0,0,,0,0,15.1,8.3,224.6,1019,0,24.1,17.4,0.1,0,10,Clear,clear-day,
"Bulawayo, Zimbabwe",2026-05-12T08:00:00,20.1,20.1,5.1,37.37,0,0,,0,0,16.9,7.6,200,1020,0,24.1,189.5,0.7,2,10,Clear,clear-day,ZII0000FVJN
"Bulawayo, Zimbabwe",2026-05-12T09:00:00,25.1,25.1,4.1,25.72,0,0,,0,0,19.4,7.6,200,1021,0,24.1,418.2,1.5,4,10,Clear,clear-day,ZII0000FVJN
"Bulawayo, Zimbabwe",2026-05-12T10:00:00,27.1,26.2,3.1,21.29,0,0,,0,0,22,7.6,240,1021,0,24.1,615.6,2.2,6,10,Clear,clear-day,ZII0000FVJN
"Bulawayo, Zimbabwe",2026-05-12T11:00:00,27.1,26.1,1.1,18.46,0,0,,0,0,23.8,5.4,253.3,1019,0,24.1,758.9,2.7,8,10,Clear,clear-day,ZII0000FVJN
"Bulawayo, Zimbabwe",2026-05-12T12:00:00,28.1,26.7,2.1,18.71,0,0,,0,0,25.9,13,330,1018,0,24.1,834.3,3,8,10,Clear,clear-day,ZII0000FVJN
"Bulawayo, Zimbabwe",2026-05-12T13:00:00,28.1,26.7,0.5,16.68,0,0,,0,0,27.4,12.6,287.3,1017,0,24.1,835.5,3,8,10,Clear,clear-day,
"Bulawayo, Zimbabwe",2026-05-12T14:00:00,30.1,28.2,-1.9,12.47,0,0,,0,0,27.7,11.2,290,1016,0,24.1,763,2.7,8,10,Clear,clear-day,ZII0000FVJN
"Bulawayo, Zimbabwe",2026-05-12T15:00:00,29.1,27.4,-1.9,13.21,0,0,,0,0,26.6,13,320,1015,0,24.1,623.6,2.2,6,10,Clear,clear-day,ZII0000FVJN
"Bulawayo, Zimbabwe",2026-05-12T16:00:00,29.1,27.4,-2.9,12.27,0,0,,0,0,24.5,16.6,330,1016,0,24.1,430.2,1.5,4,10,Clear,clear-day,ZII0000FVJN
"Bulawayo, Zimbabwe",2026-05-12T17:00:00,27.1,26,0.1,17.18,0,0,,0,0,19.8,11.2,300,1016,0,24.1,205.8,0.7,2,10,Clear,clear-day,ZII0000FVJN
"Bulawayo, Zimbabwe",2026-05-12T18:00:00,22.1,22.1,-1.9,20.02,0,0,,0,0,14.4,9.4,300,1016,0,24.1,23.9,0.1,0,10,Clear,clear-night,ZII0000FVJN
"Bulawayo, Zimbabwe",2026-05-12T19:00:00,18.3,18.3,2.8,35.56,0,0,,0,0,14.4,9.4,214.4,1017,0,24.1,0,0,0,10,Clear,clear-night,
"Bulawayo, Zimbabwe",2026-05-12T20:00:00,16.3,16.3,5.6,49.11,0,0,,0,0,14.8,9.7,203.3,1018,0,24.1,0,0,0,10,Clear,clear-night,
"Bulawayo, Zimbabwe",2026-05-12T21:00:00,13.5,13.5,6.5,62.59,0,0,,0,0,15.5,10.1,195.3,1019,0,24.1,0,0,0,10,Clear,clear-night,
"Bulawayo, Zimbabwe",2026-05-12T22:00:00,12.4,12.4,6.7,68.19,0,0,,0,0,14.8,10.4,191.2,1019,0,24.1,0,0,0,10,Clear,clear-night,
"Bulawayo, Zimbabwe",2026-05-12T23:00:00,11.1,11.1,6,70.8,0,0,,0,0,15.1,10.1,190.4,1019,0,24.1,0,0,0,10,Clear,clear-night,
"Bulawayo, Zimbabwe",2026-05-13T00:00:00,10.9,10.9,5.1,67.41,0,0,,0,0,15.1,10.4,184.5,1019,0,24.1,0,0,0,10,Clear,clear-night,
"Bulawayo, Zimbabwe",2026-05-13T01:00:00,10,8.5,5.1,71.58,0,0,,0,0,14.8,10.4,187.3,1019,0,24.1,0,0,0,10,Clear,clear-night,
"Bulawayo, Zimbabwe",2026-05-13T02:00:00,9.2,7.4,3.3,66.57,0,0,,0,0,14.8,11.2,186.6,1018,0,24.1,0,0,0,10,Clear,clear-night,
"Bulawayo, Zimbabwe",2026-05-13T03:00:00,9,7.2,2.6,64.21,0,0,,0,0,14.4,11.2,183.3,1018,0,24.1,0,0,0,10,Clear,clear-night,
"Bulawayo, Zimbabwe",2026-05-13T04:00:00,9.1,7.3,2.4,62.88,0,0,,0,0,14.4,11.2,182.2,1018,0,24.1,0,0,0,10,Clear,clear-night,
"Bulawayo, Zimbabwe",2026-05-13T05:00:00,12.1,12.1,3.1,54.11,0,0,,0,0,14.8,9.4,160,1018,0,24.1,0,0,0,10,Clear,clear-night,ZII0000FVJN
"Bulawayo, Zimbabwe",2026-05-13T06:00:00,13.1,13.1,3.1,50.68,0,0,,0,0,14.8,13,160,1019,0,24.1,0,0,0,10,Clear,clear-night,ZII0000FVJN
"Bulawayo, Zimbabwe",2026-05-13T07:00:00,15.1,15.1,3.1,44.52,0,0,,0,0,13.7,7.6,140,1019,0,24.1,16.5,0.1,0,10,Clear,clear-day,ZII0000FVJN
"Bulawayo, Zimbabwe",2026-05-13T08:00:00,19.1,19.1,5.1,39.76,0,0,,0,0,13,5.4,160,1020,0,24.1,183.9,0.7,2,10,Clear,clear-day,ZII0000FVJN
"Bulawayo, Zimbabwe",2026-05-13T09:00:00,23.1,23.1,3.1,27.03,0,0,,0,0,19.4,7.6,160,1020,0,24.1,406.3,1.5,4,10,Clear,clear-day,ZII0000FVJN
"Bulawayo, Zimbabwe",2026-05-13T10:00:00,26.1,26.1,3.1,22.59,0,0,,0,0,25.2,9.4,190,1020,0,24.1,599.7,2.2,6,10,Clear,clear-day,ZII0000FVJN
"Bulawayo, Zimbabwe",2026-05-13T11:00:00,28.1,26.8,3.1,20.08,0,0,,0,0,26.6,11.2,220,1019,0,24.1,740,2.7,7,10,Clear,clear-day,ZII0000FVJN
"Bulawayo, Zimbabwe",2026-05-13T12:00:00,28.1,26.7,2.1,18.71,0,0,,0,0,26.6,3.6,210,1018,0,24.1,814,2.9,8,10,Clear,clear-day,ZII0000FVJN
"Bulawayo, Zimbabwe",2026-05-13T13:00:00,29.1,27.4,2.1,17.65,0,0,,0,0,26.6,11.2,270,1018,0,24.1,815.6,2.9,8,10,Clear,clear-day,ZII0000FVJN
"Bulawayo, Zimbabwe",2026-05-13T14:00:00,29.1,27.4,2.1,17.65,0,0,,0,0,26.3,9.4,300,1017,0,24.1,744.6,2.7,7,10,Clear,clear-day,ZII0000FVJN
"Bulawayo, Zimbabwe",2026-05-13T15:00:00,29.1,27.5,3.1,18.95,0,0,,0,0,25.9,11.2,230,1016,0,24.1,607.4,2.2,6,10,Clear,clear-day,ZII0000FVJN
"Bulawayo, Zimbabwe",2026-05-13T16:00:00,28.1,26.8,4.1,21.55,0,0,,0,0,25.9,13,210,1017,0,24.1,417.5,1.5,4,10,Clear,clear-day,ZII0000FVJN
"Bulawayo, Zimbabwe",2026-05-13T17:00:00,25.1,25.1,5.1,27.58,0,0,,0,0,24.8,13,180,1017,0,24.1,198,0.7,2,10,Clear,clear-day,ZII0000FVJN
"Bulawayo, Zimbabwe",2026-05-13T18:00:00,21.1,21.1,6.1,37.65,0,0,,0,0,19.1,7.6,180,1018,0,24.1,22.4,0.1,0,10,Clear,clear-night,ZII0000FVJN
"Bulawayo, Zimbabwe",2026-05-13T19:00:00,17.3,17.3,4.2,41.81,0,0,,0,0,16.2,9.4,162.8,1018,0,24.1,0,0,0,10,Clear,clear-night,
"Bulawayo, Zimbabwe",2026-05-13T20:00:00,14.7,14.7,4.9,51.83,0,0,,0,0,15.1,9.7,162.8,1019,0,24.1,0,0,0,10,Clear,clear-night,
"Bulawayo, Zimbabwe",2026-05-13T21:00:00,13.4,13.4,4.4,54.45,0,0,,0,0,15.1,10.1,163.7,1019,0,24.1,0,0,0,10,Clear,clear-night,
"Bulawayo, Zimbabwe",2026-05-13T22:00:00,12.6,12.6,4.5,57.78,0,0,,0,0,14.8,10.4,162.9,1019,0,24.1,0,0,0,10,Clear,clear-night,
"Bulawayo, Zimbabwe",2026-05-13T23:00:00,11,11,3.1,58.19,0,0,,0,0,15.1,10.8,163.4,1019,0,24.1,0,0,0,10,Clear,clear-night,
"Bulawayo, Zimbabwe",2026-05-14T00:00:00,9.6,8.1,3.2,64.35,0,0,,0,0,15.1,10.1,161.7,1020,0,24.1,0,0,0,10,Clear,clear-night,
"Bulawayo, Zimbabwe",2026-05-14T01:00:00,9.5,7.9,3.5,66.17,0,0,,0,0,15.5,10.4,164,1019,0,24.1,0,0,0,10,Clear,clear-night,
"Bulawayo, Zimbabwe",2026-05-14T02:00:00,9.4,7.8,2.3,61.19,0,0,,0,0,15.5,10.4,167.3,1019,0,24.1,0,0,0,10,Clear,clear-night,
"Bulawayo, Zimbabwe",2026-05-14T03:00:00,10,8.5,2.5,59.61,0,0,,0,0,16.2,10.8,167.9,1019,0,24.1,0,0,0,10,Clear,clear-night,
"Bulawayo, Zimbabwe",2026-05-14T04:00:00,13.7,13.7,-0.8,36.82,0,0,,0,0,24.1,12.2,144.7,1019,0,24.1,0,0,0,10,Clear,clear-night,
"Bulawayo, Zimbabwe",2026-05-14T05:00:00,12.1,12.1,3.1,54.11,0,0,,0,0,25.9,9.4,160,1020,0,24.1,0,0,0,10,Clear,clear-night,ZII0000FVJN
"Bulawayo, Zimbabwe",2026-05-14T06:00:00,12.1,12.1,4.1,58.06,0,0,,0,0,27.7,13,130,1021,0,24.1,0,0,0,10,Clear,clear-night,ZII0000FVJN
"Bulawayo, Zimbabwe",2026-05-14T07:00:00,14.1,14.1,4.1,50.95,0,0,,0,0,27.7,14.8,130,1021,0,24.1,14,0.1,0,10,Clear,clear-day,ZII0000FVJN
"Bulawayo, Zimbabwe",2026-05-14T08:00:00,18.1,18.1,5.1,42.33,0,0,,0,0,29.2,14.8,130,1021,0,24.1,181,0.7,2,10,Clear,clear-day,ZII0000FVJN
"Bulawayo, Zimbabwe",2026-05-14T09:00:00,21.1,21.1,5.1,35.13,0,0,,0,0,25.2,18.4,150,1021,0,24.1,403,1.5,4,10,Clear,clear-day,ZII0000FVJN
"Bulawayo, Zimbabwe",2026-05-14T10:00:00,23.1,23.1,5.1,31.1,0,0,,0,0,18.7,22.3,150,1021,0,24.1,595,2.1,6,10,Clear,clear-day,ZII0000FVJN
"Bulawayo, Zimbabwe",2026-05-14T11:00:00,24.1,24.1,4.1,27.3,0,0,,0,0,15.1,20.5,120,1020,0,24.1,731,2.6,7,10,Clear,clear-day,ZII0000FVJN
"Bulawayo, Zimbabwe",2026-05-14T12:00:00,25.1,25.1,5.1,27.58,0,0,,0,0,10.8,14.8,160,1019,0,24.1,792,2.9,8,10,Clear,clear-day,ZII0000FVJN
"Bulawayo, Zimbabwe",2026-05-14T13:00:00,26.1,26.1,4.1,24.24,0,0,,0,0,10.1,18.4,90,1018,0,24.1,775,2.8,8,10,Clear,clear-day,ZII0000FVJN
"Bulawayo, Zimbabwe",2026-05-14T14:00:00,26.1,26.1,5.1,25.99,0,0,,0,0,10.4,9.4,110,1017,0,24.1,680,2.4,7,10,Clear,clear-day,ZII0000FVJN
"Bulawayo, Zimbabwe",2026-05-14T15:00:00,26.1,26.1,7.1,29.84,0,0,,0,0,12.2,20.5,130,1017,0,24.1,538,1.9,5,10,Clear,clear-day,ZII0000FVJN
"Bulawayo, Zimbabwe",2026-05-14T16:00:00,25.1,25.1,7.1,31.66,0,0,,0,0,14.8,13,160,1017,0,24.1,364,1.3,4,10,Clear,clear-day,ZII0000FVJN
"Bulawayo, Zimbabwe",2026-05-14T17:00:00,24.1,24.1,7.1,33.62,0,0,,0,0,26.3,11.2,150,1018,0,24.1,183,0.7,2,10,Clear,clear-day,ZII0000FVJN
"Bulawayo, Zimbabwe",2026-05-14T18:00:00,20.1,20.1,7.1,42.9,0,0,,0,0,34.9,13,150,1019,0,24.1,0,0,0,10,Clear,clear-night,ZII0000FVJN
"Bulawayo, Zimbabwe",2026-05-14T19:00:00,18.3,18.3,3.5,37.37,0,0,,0,0,40.3,20.2,119.9,1020,100,24.1,0,0,0,10,Overcast,cloudy,
"Bulawayo, Zimbabwe",2026-05-14T20:00:00,17.7,17.7,4.4,41.34,0,0,,0,0,42.1,20.2,112.5,1021,99.3,24.1,0,0,0,10,Overcast,cloudy,
"Bulawayo, Zimbabwe",2026-05-14T21:00:00,17,17,4.7,44.12,0,0,,0,0,42.8,20.2,111.7,1021,99.4,24.1,0,0,0,10,Overcast,cloudy,
"Bulawayo, Zimbabwe",2026-05-14T22:00:00,16.4,16.4,5.1,47.13,0,0,,0,0,43.2,19.8,105.5,1021,100,24.1,0,0,0,10,Overcast,cloudy,
"Bulawayo, Zimbabwe",2026-05-14T23:00:00,15.9,15.9,5.4,49.69,0,0,,0,0,43.6,19.4,106.7,1021,98,24.1,0,0,0,10,Overcast,cloudy,
"Bulawayo, Zimbabwe",2026-05-15T00:00:00,15.6,15.6,6.1,53.16,0,0,,0,0,43.9,19.8,109.6,1021,100,24.1,0,0,0,10,Overcast,cloudy,
"Bulawayo, Zimbabwe",2026-05-15T01:00:00,15.2,15.2,7.4,59.64,0,0,,0,0,45.7,21.6,112.6,1021,79.5,24.1,0,0,0,10,Partially cloudy,partly-cloudy-night,
"Bulawayo, Zimbabwe",2026-05-15T02:00:00,13.3,13.3,11.5,88.85,0,0,,0,0,29.2,16.6,114.7,1022,19,24.1,0,0,0,10,Clear,clear-night,
"Bulawayo, Zimbabwe",2026-05-15T03:00:00,12.4,12.4,11.6,94.87,0,0,,0,0,29.2,16.9,114.1,1022,4.4,24.1,0,0,0,10,Clear,clear-night,
"Bulawayo, Zimbabwe",2026-05-15T04:00:00,12.1,12.1,11.6,96.76,0,0,,0,0,29.9,16.6,111,1022,0.3,24.1,0,0,0,10,Clear,clear-night,
"Bulawayo, Zimbabwe",2026-05-15T05:00:00,13.1,13.1,12.1,93.65,0,0,,0,0,29.9,18.4,130,1022,0,24.1,0,0,0,10,Clear,clear-night,ZII0000FVJN
"Bulawayo, Zimbabwe",2026-05-15T06:00:00,14.1,14.1,12.1,87.75,0,0,,0,0,29.2,22.3,120,1022,0,24.1,0,0,0,10,Clear,clear-night,ZII0000FVJN
"Bulawayo, Zimbabwe",2026-05-15T07:00:00,13.1,13.1,12.1,93.65,0,0,,0,0,28.1,20.5,130,1023,0,24.1,14.3,0.1,0,10,Clear,clear-day,ZII0000FVJN
"Bulawayo, Zimbabwe",2026-05-15T08:00:00,13.9,13.9,12,88.32,0,0,,0,0,31,17.6,92.5,1023,41.7,24.1,167.6,0.6,2,10,Partially cloudy,partly-cloudy-day,
"Bulawayo, Zimbabwe",2026-05-15T09:00:00,15.3,15.3,12.2,81.75,0,0,,0,0,39.2,18.7,88.8,1024,15.2,24.1,358.2,1.3,4,10,Clear,clear-day,
"Bulawayo, Zimbabwe",2026-05-15T10:00:00,19.1,19.1,13.1,68.19,0,0,,0,0,39.2,22.3,120,1023,0,24.1,544.7,2,5,10,Clear,clear-day,ZII0000FVJN
"Bulawayo, Zimbabwe",2026-05-15T11:00:00,20.1,20.1,13.1,64.08,0,0,,0,0,37.1,16.6,130,1022,0,24.1,686.4,2.5,7,10,Clear,clear-day,ZII0000FVJN
"Bulawayo, Zimbabwe",2026-05-15T12:00:00,22.1,22.1,12.1,53.08,0,0,,0,0,34.2,14.8,120,1021,0,24.1,791.4,2.8,8,10,Clear,clear-day,ZII0000FVJN
"Bulawayo, Zimbabwe",2026-05-15T13:00:00,23.1,23.1,11.1,46.75,0,0,,0,0,31.7,14.8,120,1020,0,24.1,774.5,2.8,8,10,Clear,clear-day,ZII0000FVJN
"Bulawayo, Zimbabwe",2026-05-15T14:00:00,24.1,24.1,11.1,44.02,0,0,,0,0,29.9,11.2,140,1019,0,24.1,721,2.6,7,10,Clear,clear-day,ZII0000FVJN
"Bulawayo, Zimbabwe",2026-05-15T15:00:00,24.1,24.1,10.1,41.18,0,0,,0,0,28.8,13,160,1019,0,24.1,534.5,1.9,5,10,Clear,clear-day,ZII0000FVJN
"Bulawayo, Zimbabwe",2026-05-15T16:00:00,24.1,24.1,11.1,44.02,0,0,,0,0,27.7,14.8,150,1019,0,24.1,368.7,1.3,4,10,Clear,clear-day,ZII0000FVJN
"Bulawayo, Zimbabwe",2026-05-15T17:00:00,22.1,22.1,11.1,49.68,0,0,,0,0,27,11.2,170,1019,0,24.1,150.9,0.5,2,10,Clear,clear-day,ZII0000FVJN
"Bulawayo, Zimbabwe",2026-05-15T18:00:00,18.1,18.1,12.1,67.98,0,0,,0,0,24.1,9.4,160,1020,0,24.1,17.5,0.1,0,10,Clear,clear-night,ZII0000FVJN
"Bulawayo, Zimbabwe",2026-05-15T19:00:00,18.1,18.1,12.1,67.98,0,0,,0,0,24.1,14.8,150,1021,0,24.1,0,0,0,10,Clear,clear-night,ZII0000FVJN
"Bulawayo, Zimbabwe",2026-05-15T20:00:00,17.3,17.3,11.7,69.64,0,0,,0,0,25.2,13,118.6,1022,9,24.1,0,0,0,10,Clear,clear-night,
"Bulawayo, Zimbabwe",2026-05-15T21:00:00,16.5,16.5,11.6,72.78,0,0,,0,0,23.4,13,114.9,1022,8.3,24.1,0,0,0,10,Clear,clear-night,
"Bulawayo, Zimbabwe",2026-05-15T22:00:00,15.5,15.5,11.8,78.61,0,0,,0,0,23,12.6,111.5,1022,7.3,24.1,0,0,0,10,Clear,clear-night,
"Bulawayo, Zimbabwe",2026-05-15T23:00:00,13.9,13.9,11.4,84.89,0,0,,0,0,22.3,12.6,107,1022,19.2,24.1,0,0,0,10,Clear,clear-night,
"Bulawayo, Zimbabwe",2026-05-16T00:00:00,12.7,12.7,11.4,91.79,0,0,,0,0,22.3,13.3,109.7,1022,27,24.1,0,0,0,10,Partially cloudy,partly-cloudy-night,
"Bulawayo, Zimbabwe",2026-05-16T01:00:00,12.4,12.4,11.4,93.62,0,0,,0,0,22.3,13,107.8,1022,28.9,24.1,0,0,0,10,Partially cloudy,partly-cloudy-night,
"Bulawayo, Zimbabwe",2026-05-16T02:00:00,11.6,11.6,11.4,98.69,0,0,,0,0,21.6,12.6,108.4,1022,9,24.1,0,0,0,10,Clear,clear-night,
"Bulawayo, Zimbabwe",2026-05-16T03:00:00,11.9,11.9,11.7,98.69,0,0,,0,0,20.9,11.9,108.5,1022,5.9,24.1,0,0,0,10,Clear,clear-night,
"Bulawayo, Zimbabwe",2026-05-16T04:00:00,11.7,11.7,11.4,98.04,0,0,,0,0,20.2,11.5,108.4,1022,19.3,24.1,0,0,0,10,Clear,clear-night,
"Bulawayo, Zimbabwe",2026-05-16T05:00:00,11.6,11.6,11.3,98.03,0,0,,0,0,19.8,11.5,107.2,1022,28.7,24.1,0,0,0,10,Partially cloudy,partly-cloudy-night,
"Bulawayo, Zimbabwe",2026-05-16T06:00:00,15.1,15.1,14.1,93.75,0,0,,0,0,19.8,13,120,1022,0,24.1,0,0,0,10,Clear,clear-night,ZII0000FVJN
"Bulawayo, Zimbabwe",2026-05-16T07:00:00,12.5,12.5,11.6,94.25,0,0,,0,0,20.2,12.6,103.9,1023,40.4,24.1,12.8,0,0,10,Partially cloudy,partly-cloudy-day,
"Bulawayo, Zimbabwe",2026-05-16T08:00:00,14,14,12.6,91.27,0,0,,0,0,25.6,17.6,99,1023,62.7,24.1,143.2,0.5,1,10,Partially cloudy,partly-cloudy-day,
"Bulawayo, Zimbabwe",2026-05-16T09:00:00,18.1,18.1,13.1,72.59,0,0,,0,0,38.5,18.4,130,1024,0,24.1,326.4,1.2,3,10,Clear,clear-day,ZII0000FVJN
"Bulawayo, Zimbabwe",2026-05-16T10:00:00,20.1,20.1,12.1,60.01,0,0,,0,0,38.5,20.5,130,1023,0,24.1,519,1.9,5,10,Clear,clear-day,ZII0000FVJN
"Bulawayo, Zimbabwe",2026-05-16T11:00:00,22.1,22.1,12.1,53.08,0,0,,0,0,37.4,14.8,130,1023,0,24.1,660.2,2.4,7,10,Clear,clear-day,ZII0000FVJN
"Bulawayo, Zimbabwe",2026-05-16T12:00:00,23.1,23.1,10.1,43.74,0,0,,0,0,36,22.3,120,1022,0,24.1,761.8,2.7,8,10,Clear,clear-day,ZII0000FVJN
"Bulawayo, Zimbabwe",2026-05-16T13:00:00,24.1,24.1,10.1,41.18,0,0,,0,0,34.6,20.5,100,1021,0,24.1,773.4,2.8,8,10,Clear,clear-day,ZII0000FVJN
"Bulawayo, Zimbabwe",2026-05-16T14:00:00,24.1,24.1,10.1,41.18,0,0,,0,0,33.5,16.6,120,1019,0,24.1,722,2.6,7,10,Clear,clear-day,ZII0000FVJN
"Bulawayo, Zimbabwe",2026-05-16T15:00:00,24.1,24.1,10.1,41.18,0,0,,0,0,32.4,14.8,110,1019,0,24.1,575.6,2.1,6,10,Clear,clear-day,ZII0000FVJN
"Bulawayo, Zimbabwe",2026-05-16T16:00:00,23.1,23.1,10.1,43.74,0,0,,0,0,31.7,13,150,1019,0,24.1,388.7,1.4,4,10,Clear,clear-day,ZII0000FVJN
"Bulawayo, Zimbabwe",2026-05-16T17:00:00,22.1,22.1,10.1,46.48,0,0,,0,0,30.6,24.1,120,1019,0,24.1,185.9,0.7,2,10,Clear,clear-day,ZII0000FVJN
"Bulawayo, Zimbabwe",2026-05-16T18:00:00,19.4,19.4,9.6,53.08,0,0,,0,0,27.7,15.1,117.8,1020,3,24.1,19.6,0.1,0,10,Clear,clear-night,
"Bulawayo, Zimbabwe",2026-05-16T19:00:00,18.2,18.2,9.9,58.38,0,0,,0,0,29.2,17.3,115.4,1021,10.6,24.1,0,0,0,10,Clear,clear-night,
"Bulawayo, Zimbabwe",2026-05-16T20:00:00,15.9,15.9,10.4,69.83,0,0,,0,0,32.8,18,112.7,1023,1.1,24.1,0,0,0,10,Clear,clear-night,
"Bulawayo, Zimbabwe",2026-05-16T21:00:00,15.2,15.2,11.6,79.09,0,0,,0,0,33.8,18.4,112,1023,0,24.1,0,0,0,10,Clear,clear-night,
"Bulawayo, Zimbabwe",2026-05-16T22:00:00,14.7,14.7,11.9,83.31,0,0,,0,0,33.5,18,111.8,1024,0,24.1,0,0,0,10,Clear,clear-night,
"Bulawayo, Zimbabwe",2026-05-16T23:00:00,14,14,11.6,85.46,0,0,,0,0,33.1,18,111.1,1024,4.9,24.1,0,0,0,10,Clear,clear-night,
"Bulawayo, Zimbabwe",2026-05-17T00:00:00,13.3,13.3,12.3,93.66,0,0,,0,0,33.1,18.4,111.1,1024,34.2,24.1,0,0,0,10,Partially cloudy,partly-cloudy-night,
"Bulawayo, Zimbabwe",2026-05-17T01:00:00,12.7,12.7,12.3,97.41,0,0,,0,0,32.8,17.6,111.2,1025,92.7,24.1,0,0,0,10,Overcast,cloudy,
"Bulawayo, Zimbabwe",2026-05-17T02:00:00,12.8,12.8,10.9,88.22,0,0,,0,0,47.9,22,114.3,1023,12.4,24.1,0,0,0,10,Clear,clear-night,
"Bulawayo, Zimbabwe",2026-05-17T03:00:00,12.2,12.2,11.5,95.49,0,0,,0,0,47.2,22,118.7,1022,93.1,18.3,0,0,0,10,Overcast,cloudy,
"Bulawayo, Zimbabwe",2026-05-17T04:00:00,12.8,12.8,10.8,87.64,0,0,,0,0,43.9,23,119.6,1022,100,24.1,0,0,0,10,Overcast,cloudy,
"Bulawayo, Zimbabwe",2026-05-17T05:00:00,13.1,13.1,10.2,82.56,0,0,,0,0,40.7,23,113.4,1022,100,24.1,0,0,0,10,Overcast,cloudy,
"Bulawayo, Zimbabwe",2026-05-17T06:00:00,13.3,13.3,9.7,78.81,0,0,,0,0,39.2,23.4,110.7,1023,100,24.1,0,0,0,10,Overcast,cloudy,
"Bulawayo, Zimbabwe",2026-05-17T07:00:00,13.1,13.1,12.1,93.65,0,0,,0,0,37.4,18.4,130,1024,0,24.1,3,0,0,10,Clear,clear-day,ZII0000FVJN
"Bulawayo, Zimbabwe",2026-05-17T08:00:00,14.1,14.1,11.1,82.14,0,0,,0,0,33.5,31.3,110,1024,0,24.1,33,0.1,0,10,Clear,clear-day,ZII0000FVJN
"Bulawayo, Zimbabwe",2026-05-17T09:00:00,15.1,15.1,10.1,72.04,0,0,,0,0,29.2,37.1,110,1024,0,24.1,364,1.3,4,10,Clear,clear-day,ZII0000FVJN
"Bulawayo, Zimbabwe",2026-05-17T10:00:00,15.1,15.1,10.1,72.04,0,0,,0,0,25.9,20.5,140,1024,0,24.1,571,2.1,6,10,Clear,clear-day,ZII0000FVJN
"Bulawayo, Zimbabwe",2026-05-17T11:00:00,18.1,18.1,9.1,55.67,0,0,,0,0,23.8,25.9,130,1023,0,24.1,712,2.6,7,10,Clear,clear-day,ZII0000FVJN
"Bulawayo, Zimbabwe",2026-05-17T12:00:00,19.6,19.6,8.1,47.37,0,0,,0,0,20.9,20.5,108.8,1022,0,24.1,786,2.8,8,10,Clear,clear-day,
"Bulawayo, Zimbabwe",2026-05-17T13:00:00,20.1,20.1,9.1,49.14,0,0,,0,0,19.1,24.1,110,1021,0,24.1,789,2.8,8,10,Clear,clear-day,ZII0000FVJN
"Bulawayo, Zimbabwe",2026-05-17T14:00:00,20.1,20.1,8.1,45.93,0,0,,0,0,16.2,20.5,120,1020,0,24.1,721,2.6,7,10,Clear,clear-day,ZII0000FVJN
"Bulawayo, Zimbabwe",2026-05-17T15:00:00,19.5,19.5,7.4,45.45,0,0,,0,0,16.6,17.6,107.6,1020,0,24.1,587,2.1,6,10,Clear,clear-day,
"Bulawayo, Zimbabwe",2026-05-17T16:00:00,20.1,20.1,8.1,45.93,0,0,,0,0,16.9,14.8,140,1020,0,24.1,402,1.4,4,10,Clear,clear-day,ZII0000FVJN
"Bulawayo, Zimbabwe",2026-05-17T17:00:00,18.1,18.1,8.1,52.03,0,0,,0,0,18.7,14.8,140,1021,0,24.1,185,0.7,2,10,Clear,clear-day,ZII0000FVJN
"Bulawayo, Zimbabwe",2026-05-17T18:00:00,15.1,15.1,8.1,62.96,0,0,,0,0,29.2,9.4,160,1023,0,24.1,0,0,0,10,Clear,clear-night,ZII0000FVJN
"Bulawayo, Zimbabwe",2026-05-17T19:00:00,12.5,12.5,8.9,78.69,0,0,,0,0,32.4,17.6,122.4,1024,0,24.1,0,0,0,10,Clear,clear-night,
"Bulawayo, Zimbabwe",2026-05-17T20:00:00,11.9,11.9,8.6,80.22,0,0,,0,0,35.3,19.1,117.7,1024,0,24.1,0,0,0,10,Clear,clear-night,
"Bulawayo, Zimbabwe",2026-05-17T21:00:00,11.5,11.5,8.6,82.36,0,0,,0,0,36.7,18.7,113.7,1025,0,24.1,0,0,0,10,Clear,clear-night,
"Bulawayo, Zimbabwe",2026-05-17T22:00:00,11.2,11.2,8.5,83.45,0,0,,0,0,37.1,17.3,113.8,1025,0,24.1,0,0,0,10,Clear,clear-night,
"Bulawayo, Zimbabwe",2026-05-17T23:00:00,11,11,8,81.74,0,0,,0,0,37.4,16.9,114.4,1024,0,24.1,0,0,0,10,Clear,clear-night,
"Bulawayo, Zimbabwe",2026-05-18T00:00:00,11,11,7.7,80.09,0,0,,0,0,36.7,15.8,116.1,1024,0,24.1,0,0,0,10,Clear,clear-night,
"Bulawayo, Zimbabwe",2026-05-18T01:00:00,10.9,10.9,7.5,79.53,0,0,,0,0,37.8,15.8,115.3,1024,0,24.1,0,0,0,10,Clear,clear-night,
"Bulawayo, Zimbabwe",2026-05-18T02:00:00,10.4,10.4,7.5,82.22,0,0,,0,0,36,14.4,119.5,1024,0,24.1,0,0,0,10,Clear,clear-night,
"Bulawayo, Zimbabwe",2026-05-18T03:00:00,10.4,10.4,7.3,81.11,0,0,,0,0,39.6,16.6,115.9,1022,0.7,24.1,0,0,0,10,Clear,clear-night,
"Bulawayo, Zimbabwe",2026-05-18T04:00:00,10.3,10.3,7.6,83.34,0,0,,0,0,40,16.6,109.6,1022,3.4,24.1,0,0,0,10,Clear,clear-night,
"Bulawayo, Zimbabwe",2026-05-18T05:00:00,11.1,11.1,10.1,93.56,0,0,,0,0,39.2,13,130,1023,0,24.1,0,0,0,10,Clear,clear-night,ZII0000FVJN
"Bulawayo, Zimbabwe",2026-05-18T06:00:00,9.5,7.3,8.4,92.85,0,0,,0,0,38.9,14.4,100.8,1024,0.7,22.7,0,0,0,10,Clear,clear-night,
"Bulawayo, Zimbabwe",2026-05-18T07:00:00,9.9,7.7,9,94.13,0,0,,0,0,38.9,15.5,101,1024,9.2,19.9,11,0,0,10,Clear,clear-day,
"Bulawayo, Zimbabwe",2026-05-18T08:00:00,12.2,12.2,9.5,83.57,0,0,,0,0,37.4,19.4,96.5,1024,6.6,24.1,163,0.6,2,10,Clear,clear-day,
"Bulawayo, Zimbabwe",2026-05-18T09:00:00,15,15,8.8,66.44,0,0,,0,0,28.1,21.6,94.9,1024,0.1,24.1,380,1.4,4,10,Clear,clear-day,
"Bulawayo, Zimbabwe",2026-05-18T10:00:00,17.1,17.1,10.1,63.41,0,0,,0,0,21.2,16.6,100,1023,0,24.1,569,2,6,10,Clear,clear-day,ZII0000FVJN
"Bulawayo, Zimbabwe",2026-05-18T11:00:00,19.1,19.1,10.1,55.92,0,0,,0,0,15.5,14.8,120,1022,0,24.1,706,2.5,7,10,Clear,clear-day,ZII0000FVJN
"Bulawayo, Zimbabwe",2026-05-18T12:00:00,21.1,21.1,9.1,46.2,0,0,,0,0,9,5.4,93.7,1020,0,24.1,777,2.8,8,10,Clear,clear-day,ZII0000FVJN
"Bulawayo, Zimbabwe",2026-05-18T13:00:00,21.1,21.1,9.1,46.2,0,0,,0,0,9,11.2,80,1019,0,24.1,779,2.8,8,10,Clear,clear-day,ZII0000FVJN
"Bulawayo, Zimbabwe",2026-05-18T14:00:00,21.1,21.1,9.1,46.2,0,0,,0,0,8.6,9.4,80,1017,0,24.1,704,2.5,7,10,Clear,clear-day,ZII0000FVJN
"Bulawayo, Zimbabwe",2026-05-18T15:00:00,22.1,22.1,8.1,40.62,0,0,,0,0,7.6,5.4,99.2,1017,0,24.1,578,2.1,6,10,Clear,clear-day,ZII0000FVJN
"Bulawayo, Zimbabwe",2026-05-18T16:00:00,22.1,22.1,9.1,43.46,0,0,,0,0,8.3,13,120,1017,0,24.1,337,1.2,3,10,Clear,clear-day,ZII0000FVJN
"Bulawayo, Zimbabwe",2026-05-18T17:00:00,20.1,20.1,9.1,49.14,0,0,,0,0,18.7,11.2,150,1018,0,24.1,133,0.5,1,10,Clear,clear-day,ZII0000FVJN
"Bulawayo, Zimbabwe",2026-05-18T18:00:00,17.1,17.1,9.1,59.29,0,0,,0,0,28.4,13,140,1019,0,24.1,0,0,0,10,Clear,clear-night,ZII0000FVJN
"Bulawayo, Zimbabwe",2026-05-18T19:00:00,16.9,16.9,5.8,47.93,0,0,,0,0,32.8,17.3,112.2,1019,79.1,24.1,0,0,0,10,Partially cloudy,partly-cloudy-night,
"Bulawayo, Zimbabwe",2026-05-18T20:00:00,15.1,15.1,6.3,55.66,0,0,,0,0,37.8,17.6,110.9,1021,18.5,24.1,0,0,0,10,Clear,clear-night,
"Bulawayo, Zimbabwe",2026-05-18T21:00:00,14,14,7.1,63.14,0,0,,0,0,40,18.4,107,1021,4,24.1,0,0,0,10,Clear,clear-night,
"Bulawayo, Zimbabwe",2026-05-18T22:00:00,13.3,13.3,7.7,68.84,0,0,,0,0,39.2,17.6,100.8,1022,24.6,24.1,0,0,0,10,Partially cloudy,partly-cloudy-night,
"Bulawayo, Zimbabwe",2026-05-18T23:00:00,12.7,12.7,8.2,74.07,0,0,,0,0,38.2,16.9,103.7,1022,79.9,24.1,0,0,0,10,Partially cloudy,partly-cloudy-night,
"Bulawayo, Zimbabwe",2026-05-19T00:00:00,13.3,13.3,8.2,71.22,0,0,,0,0,34.9,16.6,96.4,1022,96.8,24.1,0,0,0,10,Overcast,cloudy,
"Bulawayo, Zimbabwe",2026-05-19T01:00:00,13.6,13.6,8.3,70.32,0,0,,0,0,34.6,17.3,93.9,1021,28.1,24.1,0,0,0,10,Partially cloudy,partly-cloudy-night,
"Bulawayo, Zimbabwe",2026-05-19T02:00:00,13.4,13.4,8.1,70.28,0,0,,0,0,32.4,16.2,92.2,1021,59.7,24.1,0,0,0,10,Partially cloudy,partly-cloudy-night,
"Bulawayo, Zimbabwe",2026-05-19T03:00:00,12.6,12.6,8.3,75.07,0,0,,0,0,32.4,15.1,89.2,1021,26.7,24.1,0,0,0,10,Partially cloudy,partly-cloudy-night,
"Bulawayo, Zimbabwe",2026-05-19T04:00:00,11.6,11.6,8.5,81.27,0,0,,0,0,34.6,14,85.8,1021,41.2,24.1,0,0,0,3,Partially cloudy,partly-cloudy-night,
"Bulawayo, Zimbabwe",2026-05-19T05:00:00,12.1,12.1,11.1,93.6,0,0,,0,0,31.7,14.8,130,1021,0,24.1,0,0,0,10,Clear,clear-night,ZII0000FVJN
"Bulawayo, Zimbabwe",2026-05-19T06:00:00,12.1,12.1,11.1,93.6,0,0,,0,0,31,25.9,80,1022,0,24.1,0,0,0,10,Clear,clear-night,ZII0000FVJN
"Bulawayo, Zimbabwe",2026-05-19T07:00:00,12.1,12.1,11.1,93.6,0,0,,0,0,32.8,16.6,130,1022,0,24.1,11,0,0,10,Clear,clear-day,ZII0000FVJN
"Bulawayo, Zimbabwe",2026-05-19T08:00:00,14.1,14.1,12.1,87.75,0,0,,0,0,27,13,150,1022,0,24.1,162,0.6,2,10,Clear,clear-day,ZII0000FVJN
"Bulawayo, Zimbabwe",2026-05-19T09:00:00,17.1,17.1,11.1,67.78,0,0,,0,0,18.4,16.6,100,1022,0,24.1,375,1.3,4,10,Clear,clear-day,ZII0000FVJN
"Bulawayo, Zimbabwe",2026-05-19T10:00:00,20.1,20.1,12.1,60.01,0,0,,0,0,14.8,14.8,30,1022,0,24.1,560,2,6,10,Clear,clear-day,ZII0000FVJN
"Bulawayo, Zimbabwe",2026-05-19T11:00:00,21.1,21.1,12.1,56.42,0,0,,0,0,11.9,13,90,1021,0,24.1,686,2.5,7,10,Clear,clear-day,ZII0000FVJN
"Bulawayo, Zimbabwe",2026-05-19T12:00:00,22.1,22.1,12.1,53.08,0,0,,0,0,12.2,7.6,50,1020,0,24.1,767,2.8,8,10,Clear,clear-day,ZII0000FVJN
"Bulawayo, Zimbabwe",2026-05-19T13:00:00,23.1,23.1,11.1,46.75,0,0,,0,0,9.7,5.4,40,1018,0,24.1,463,1.7,5,10,Clear,clear-day,ZII0000FVJN
"Bulawayo, Zimbabwe",2026-05-19T14:00:00,24.1,24.1,10.1,41.18,0,0,,0,0,8.3,9.4,101.9,1017,0,24.1,133,0.5,1,10,Clear,clear-day,ZII0000FVJN
"Bulawayo, Zimbabwe",2026-05-19T15:00:00,24.1,24.1,10.1,41.18,0,0,,0,0,13.3,3.6,50,1017,0,24.1,97,0.3,1,10,Clear,clear-day,ZII0000FVJN
"Bulawayo, Zimbabwe",2026-05-19T16:00:00,19.7,19.7,7.8,46.13,0,0,,0,0,19.1,14.8,121.6,1018,100,24.1,83,0.3,1,10,Overcast,cloudy,
"Bulawayo, Zimbabwe",2026-05-19T17:00:00,21.1,21.1,11.1,52.82,0,0,,0,0,24.5,18.4,120,1019,0,24.1,21,0.1,0,10,Clear,clear-day,ZII0000FVJN
"Bulawayo, Zimbabwe",2026-05-19T18:00:00,18,18,7.8,51.3,0,0,,0,0,28.4,14.4,126.6,1020,99.3,24.1,0,0,0,10,Overcast,cloudy,
"Bulawayo, Zimbabwe",2026-05-19T19:00:00,17.7,17.7,8,52.99,0,0,,0,0,29.9,15.5,135.1,1021,94.2,24.1,0,0,0,10,Overcast,cloudy,
"Bulawayo, Zimbabwe",2026-05-19T20:00:00,17,17,8.5,57.3,0,0,,0,0,30.6,15.5,130.8,1022,95.1,24.1,0,0,0,10,Overcast,cloudy,
"Bulawayo, Zimbabwe",2026-05-19T21:00:00,16.5,16.5,8.7,59.95,0,0,,0,0,33.5,17.3,120,1023,6.1,24.1,0,0,0,3,Clear,clear-night,
"Bulawayo, Zimbabwe",2026-05-19T22:00:00,14.7,14.7,8.9,68.2,0,0,,0,0,37.8,17.3,108.9,1023,55.8,24.1,0,0,0,3,Partially cloudy,partly-cloudy-night,
"Bulawayo, Zimbabwe",2026-05-19T23:00:00,14.5,14.5,9.2,70.5,0,0,,0,0,38.5,16.9,101.9,1023,34.9,24.1,0,0,0,3,Partially cloudy,partly-cloudy-night,
"Bulawayo, Zimbabwe",2026-05-20T00:00:00,13.6,13.6,9.3,75.24,0,0,,0,0,38.9,16.2,99.1,1023,26.4,24.1,0,0,0,10,Partially cloudy,partly-cloudy-night,
"Bulawayo, Zimbabwe",2026-05-20T01:00:00,13.3,13.3,9.4,77.24,0,0,,0,0,38.2,15.1,95.2,1023,7.5,24.1,0,0,0,10,Clear,clear-night,
"Bulawayo, Zimbabwe",2026-05-20T02:00:00,13.2,13.2,9.4,77.74,0,0,,0,0,38.2,15.1,95.2,1022,7.4,24.1,0,0,0,10,Clear,clear-night,
"Bulawayo, Zimbabwe",2026-05-20T03:00:00,12.7,12.7,9.3,79.79,0,0,,0,0,36,14,99.7,1022,5,24.1,0,0,0,10,Clear,clear-night,
"Bulawayo, Zimbabwe",2026-05-20T04:00:00,12.2,12.2,9.3,82.45,0,0,,0,0,36.7,15.1,101.7,1022,5.1,24.1,0,0,0,10,Clear,clear-night,
"Bulawayo, Zimbabwe",2026-05-20T05:00:00,11.9,11.9,9.2,83.53,0,0,,0,0,37.4,15.1,96.9,1022,5,24.1,0,0,0,10,Clear,clear-night,
"Bulawayo, Zimbabwe",2026-05-20T06:00:00,11.6,11.6,9.1,84.63,0,0,,0,0,39.2,15.5,97.7,1023,4.9,24.1,0,0,0,10,Clear,clear-night,
"Bulawayo, Zimbabwe",2026-05-20T07:00:00,11.9,11.9,8.5,79.68,0,0,,0,0,40,16.2,96.1,1024,0,24.1,10,0,0,10,Clear,clear-day,
"Bulawayo, Zimbabwe",2026-05-20T08:00:00,14.3,14.3,8,65.84,0,0,,0,0,38.2,19.8,94.2,1024,4.9,24.1,157,0.6,2,10,Clear,clear-day,
"Bulawayo, Zimbabwe",2026-05-20T09:00:00,16.6,16.6,7.8,56.04,0,0,,0,0,29.9,21.2,94.6,1024,5.3,24.1,369,1.3,4,10,Clear,clear-day,
"Bulawayo, Zimbabwe",2026-05-20T10:00:00,18.5,18.5,7.9,50.05,0,0,,0,0,23,19.4,92.9,1024,19.5,24.1,554,2,6,10,Clear,clear-day,
"Bulawayo, Zimbabwe",2026-05-20T11:00:00,20.2,20.2,8,45.33,0,0,,0,0,17.3,16.9,88.3,1023,57.6,24.1,689,2.5,7,10,Partially cloudy,partly-cloudy-day,
"Bulawayo, Zimbabwe",2026-05-20T12:00:00,21.6,21.6,7.9,41.31,0,0,,0,0,9.7,14,95.1,1021,19.4,24.1,763,2.7,8,10,Clear,clear-day,
"Bulawayo, Zimbabwe",2026-05-20T13:00:00,22.4,22.4,7.6,38.55,0,0,,0,0,8.6,13.3,105.5,1020,74.6,24.1,763,2.7,8,10,Partially cloudy,partly-cloudy-day,
"Bulawayo, Zimbabwe",2026-05-20T14:00:00,22.6,22.6,6.6,35.56,0,0,,0,0,8.6,13.3,109.3,1019,61.9,24.1,584,2.1,6,10,Partially cloudy,partly-cloudy-day,
"Bulawayo, Zimbabwe",2026-05-20T15:00:00,22.5,22.5,6,34.33,0,0,,0,0,9.7,15.5,116.3,1019,96.3,24.1,513,1.8,5,10,Overcast,cloudy,
"Bulawayo, Zimbabwe",2026-05-20T16:00:00,21.1,21.1,5.9,37.14,0,0,,0,0,13,17.3,118.9,1019,81,24.1,219,0.8,2,10,Partially cloudy,partly-cloudy-day,
"Bulawayo, Zimbabwe",2026-05-20T17:00:00,19.6,19.6,6.2,41.59,0,0,,0,0,23.4,18.4,116.3,1020,20.5,24.1,98,0.4,1,10,Partially cloudy,partly-cloudy-day,
"Bulawayo, Zimbabwe",2026-05-20T18:00:00,16.9,16.9,6.7,51,0,0,,0,0,35.6,19.1,124.4,1021,8.7,24.1,0,0,0,10,Clear,clear-night,
"Bulawayo, Zimbabwe",2026-05-20T19:00:00,15.8,15.8,6.9,55.46,0,0,,0,0,40.3,20.9,124.4,1022,98.9,24.1,0,0,0,10,Overcast,cloudy,
"Bulawayo, Zimbabwe",2026-05-20T20:00:00,14.8,14.8,8,63.75,0,0,,0,0,40.7,20.9,115.6,1023,100,24.1,0,0,0,10,Overcast,cloudy,
"Bulawayo, Zimbabwe",2026-05-20T21:00:00,13.5,13.5,8.8,73.22,0,0,,0,0,42.8,20.9,114.9,1024,100,24.1,0,0,0,10,Overcast,cloudy,
"Bulawayo, Zimbabwe",2026-05-20T22:00:00,12.6,12.6,9.2,79.78,0,0,,0,0,42.8,19.8,116,1025,98.8,24.1,0,0,0,10,Overcast,cloudy,
"Bulawayo, Zimbabwe",2026-05-20T23:00:00,11.8,11.8,9.6,86.38,0,0,,0,0,43.2,19.8,116.4,1025,91.7,24.1,0,0,0,10,Overcast,cloudy,
"Bulawayo, Zimbabwe",2026-05-21T00:00:00,11.4,11.4,9.7,89.29,0,0,,0,0,42.8,19.1,117.9,1025,69,24.1,0,0,0,10,Partially cloudy,partly-cloudy-night,
"Bulawayo, Zimbabwe",2026-05-21T01:00:00,11.2,11.2,9.5,89.27,0,0,,0,0,42.5,18.7,118.1,1024,100,24.1,0,0,0,10,Overcast,cloudy,
"Bulawayo, Zimbabwe",2026-05-21T02:00:00,10.9,10.9,8.8,86.87,0,0,,0,0,42.1,18,116.8,1024,100,24.1,0,0,0,10,Overcast,cloudy,
"Bulawayo, Zimbabwe",2026-05-21T03:00:00,10.8,10.8,8.2,83.97,0,0,,0,0,41.4,18,114.8,1024,100,24.1,0,0,0,10,Overcast,cloudy,
"Bulawayo, Zimbabwe",2026-05-21T04:00:00,10.6,10.6,7.9,83.38,0,0,,0,0,41.8,17.6,115,1024,100,24.1,0,0,0,10,Overcast,cloudy,
"Bulawayo, Zimbabwe",2026-05-21T05:00:00,10.4,10.4,7.8,83.92,0,0,,0,0,41.4,17.6,114.4,1024,100,24.1,0,0,0,10,Overcast,cloudy,
"Bulawayo, Zimbabwe",2026-05-21T06:00:00,10.3,10.3,7.5,82.78,0,0,,0,0,42.5,18.4,111.6,1025,100,24.1,0,0,0,10,Overcast,cloudy,
"Bulawayo, Zimbabwe",2026-05-21T07:00:00,10.4,10.4,7.5,82.22,0,0,,0,0,41.8,18.4,112.5,1025,100,24.1,9,0,0,10,Overcast,cloudy,
"Bulawayo, Zimbabwe",2026-05-21T08:00:00,11.9,11.9,7.5,74.44,0,0,,0,0,40,21.2,108.5,1025,99.7,24.1,131,0.5,1,10,Overcast,cloudy,
"Bulawayo, Zimbabwe",2026-05-21T09:00:00,14.3,14.3,6.9,61.08,0,0,,0,0,31,22.3,105,1025,95.9,24.1,356,1.3,4,10,Overcast,cloudy,
"Bulawayo, Zimbabwe",2026-05-21T10:00:00,16.2,16.2,5.8,50.11,0,0,,0,0,26.6,22.3,104.5,1025,100,24.1,543,2,5,10,Overcast,cloudy,
"Bulawayo, Zimbabwe",2026-05-21T11:00:00,17.8,17.8,5.1,43.14,0,0,,0,0,24.1,20.9,104.4,1024,100,24.1,670,2.4,7,10,Overcast,cloudy,
"Bulawayo, Zimbabwe",2026-05-21T12:00:00,19.3,19.3,4.5,37.66,0,0,,0,0,19.8,19.1,104.2,1023,96.5,24.1,772,2.8,8,10,Overcast,cloudy,
"Bulawayo, Zimbabwe",2026-05-21T13:00:00,20,20,4.3,35.55,0,0,,0,0,17.3,17.6,102.7,1022,9.9,24.1,773,2.8,8,10,Clear,clear-day,
"Bulawayo, Zimbabwe",2026-05-21T14:00:00,20.3,20.3,4.5,35.39,0,0,,0,0,16.2,16.6,102,1021,100,24.1,712,2.6,7,10,Overcast,cloudy,
"Bulawayo, Zimbabwe",2026-05-21T15:00:00,19.9,19.9,4.5,36.28,0,0,,0,0,15.1,15.8,98.7,1021,99.9,24.1,536,1.9,5,10,Overcast,cloudy,
"Bulawayo, Zimbabwe",2026-05-21T16:00:00,19.2,19.2,4.6,38.16,0,0,,0,0,16.2,16.6,97.2,1021,5.2,24.1,362,1.3,4,10,Clear,clear-day,
"Bulawayo, Zimbabwe",2026-05-21T17:00:00,17.7,17.7,4.9,42.81,0,0,,0,0,21.2,13.7,101,1021,63.6,24.1,179,0.6,2,10,Partially cloudy,partly-cloudy-day,
"Bulawayo, Zimbabwe",2026-05-21T18:00:00,14.6,14.6,5.7,55.15,0,0,,0,0,27.7,14.8,120.2,1023,97.4,24.1,0,0,0,10,Overcast,cloudy,
"Bulawayo, Zimbabwe",2026-05-21T19:00:00,13.4,13.4,7.3,66.55,0,0,,0,0,35.3,18.4,111.3,1024,5.2,24.1,0,0,0,10,Clear,clear-night,
"Bulawayo, Zimbabwe",2026-05-21T20:00:00,12.8,12.8,7.3,69.21,0,0,,0,0,37.1,17.6,108.2,1024,4.9,24.1,0,0,0,10,Clear,clear-night,
"Bulawayo, Zimbabwe",2026-05-21T21:00:00,12.5,12.5,7.5,71.56,0,0,,0,0,39.2,18.4,104.6,1024,3.5,24.1,0,0,0,10,Clear,clear-night,
"Bulawayo, Zimbabwe",2026-05-21T22:00:00,11.8,11.8,8.7,81.3,0,0,,0,0,39.2,18,102.9,1024,4.8,24.1,0,0,0,10,Clear,clear-night,
"Bulawayo, Zimbabwe",2026-05-21T23:00:00,11.2,11.2,9.5,89.27,0,0,,0,0,38.5,16.6,102.2,1024,4.9,24.1,0,0,0,10,Clear,clear-night,
"Bulawayo, Zimbabwe",2026-05-22T00:00:00,11.2,11.2,9.6,89.88,0,0,,0,0,40.3,17.3,96.6,1024,4.9,24.1,0,0,0,10,Clear,clear-night,
"Bulawayo, Zimbabwe",2026-05-22T01:00:00,11.2,11.2,9.6,89.88,0,0,,0,0,41,17.6,95.9,1023,1.1,24.1,0,0,0,10,Clear,clear-night,
"Bulawayo, Zimbabwe",2026-05-22T02:00:00,10.8,10.8,10,94.8,0,0,,0,0,40.7,18,96.1,1023,17.9,20.8,0,0,0,10,Clear,clear-night,
"Bulawayo, Zimbabwe",2026-05-22T03:00:00,10.6,10.6,10.1,96.72,0,0,,0,0,38.9,17.3,94.3,1023,51.4,13,0,0,0,10,Partially cloudy,partly-cloudy-night,
"Bulawayo, Zimbabwe",2026-05-22T04:00:00,10.3,10.3,9.8,96.71,0,0,,0,0,35.3,16.9,93.3,1023,97.7,0.7,0,0,0,10,Overcast,fog,
"Bulawayo, Zimbabwe",2026-05-22T05:00:00,10.8,10.8,9.8,93.54,0,0,,0,0,30.6,17.3,88.2,1023,100,24.1,0,0,0,10,Overcast,cloudy,
"Bulawayo, Zimbabwe",2026-05-22T06:00:00,11.3,11.3,9.7,89.88,0,0,,0,0,28.4,17.6,81.4,1023,99.7,24.1,0,0,0,10,Overcast,cloudy,
"Bulawayo, Zimbabwe",2026-05-22T07:00:00,12.1,12.1,9.7,85.26,0,0,,0,0,26.6,16.2,80.6,1023,68.6,24.1,5,0,0,10,Partially cloudy,partly-cloudy-day,
"Bulawayo, Zimbabwe",2026-05-22T08:00:00,13.1,13.1,9.6,79.31,0,0,,0,0,23.8,17.3,76,1024,6.4,24.1,126,0.5,1,10,Clear,clear-day,
"Bulawayo, Zimbabwe",2026-05-22T09:00:00,15.6,15.6,9.2,65.68,0,0,,0,0,21.6,16.6,68.5,1024,5,24.1,368,1.3,4,10,Clear,clear-day,
"Bulawayo, Zimbabwe",2026-05-22T10:00:00,18,18,8.9,55.27,0,0,,0,0,18.7,15.1,57.9,1023,14.9,24.1,556,2,6,10,Clear,clear-day,
"Bulawayo, Zimbabwe",2026-05-22T11:00:00,20.3,20.3,8.3,45.98,0,0,,0,0,13,12.2,44.7,1022,3.4,24.1,689,2.5,7,10,Clear,clear-day,
"Bulawayo, Zimbabwe",2026-05-22T12:00:00,22.3,22.3,7.3,38,0,0,,0,0,9.4,9,23.8,1020,0.1,24.1,761,2.7,8,10,Clear,clear-day,
"Bulawayo, Zimbabwe",2026-05-22T13:00:00,23.6,23.6,6.3,32.79,0,0,,0,0,7.9,6.8,15.4,1019,4.8,24.1,762,2.7,8,10,Clear,clear-day,
"Bulawayo, Zimbabwe",2026-05-22T14:00:00,24.3,24.3,5.9,30.58,0,0,,0,0,6.5,5.4,11.5,1018,52.8,24.1,696,2.5,7,10,Partially cloudy,partly-cloudy-day,
"Bulawayo, Zimbabwe",2026-05-22T15:00:00,24.2,24.2,5.6,30.13,0,0,,0,0,5,2.9,3.9,1017,80.7,24.1,518,1.9,5,10,Partially cloudy,partly-cloudy-day,
"Bulawayo, Zimbabwe",2026-05-22T16:00:00,23.1,23.1,5.2,31.32,0,0,,0,0,4.7,2.2,336.2,1017,98.1,24.1,257,0.9,3,10,Overcast,cloudy,
"Bulawayo, Zimbabwe",2026-05-22T17:00:00,20.9,20.9,5.7,37.08,0,0,,0,0,4.7,2.9,210.4,1018,100,24.1,42,0.2,0,10,Overcast,cloudy,
"Bulawayo, Zimbabwe",2026-05-22T18:00:00,19.4,19.4,6.3,42.41,0,0,,0,0,15.8,9.4,144.6,1019,100,24.1,0,0,0,10,Overcast,cloudy,
"Bulawayo, Zimbabwe",2026-05-22T19:00:00,18,18,9.3,56.78,0,0,,0,0,29.2,17.3,115.2,1020,100,24.1,0,0,0,10,Overcast,cloudy,
"Bulawayo, Zimbabwe",2026-05-22T20:00:00,16.9,16.9,9.9,63.37,0,0,,0,0,30.2,16.6,110.9,1021,100,24.1,0,0,0,10,Overcast,cloudy,
"Bulawayo, Zimbabwe",2026-05-22T21:00:00,16.6,16.6,10,65.02,0,0,,0,0,28.4,15.8,108.8,1022,93.6,24.1,0,0,0,10,Overcast,cloudy,
"Bulawayo, Zimbabwe",2026-05-22T22:00:00,15.5,15.5,10.3,71.16,0,0,,0,0,29.2,15.5,100.5,1022,52.5,24.1,0,0,0,3,Partially cloudy,partly-cloudy-night,
"Bulawayo, Zimbabwe",2026-05-22T23:00:00,13.5,13.5,10.8,83.72,0,0,,0,0,31.3,15.1,99,1022,10.1,24.1,0,0,0,10,Clear,clear-night,
